node,time,mean,sd,2.5%,25%,50%,75%,97.5%,Rhat,n.eff
C,1.0,28.73608387444757,7.958985341482011,15.96285827774163,23.09633227588984,27.89454057161537,33.36464292868401,47.21980573710993,1.00216016237436,1600.0
C,2.0,34.13406257130564,9.322822538789461,19.3433734068606,27.411224720414737,33.19385207824208,39.20129870707505,56.05002565224969,1.0125158817616078,190.0
C,3.0,52.3944367607485,9.88062738909631,34.90856421998446,45.43609903549032,51.76336646662658,58.53903943002756,73.57034310499151,1.0045841028030442,580.0
C,4.0,33.33960817884283,6.794039562823171,21.779017499352015,28.509497361527234,32.81639172149665,37.47066800215072,48.516693244415244,1.0012599299547684,4300.0
C,5.0,56.15001162566727,9.11532840063962,41.04171991738027,49.737982493258016,55.37338569423663,61.63510864750418,76.16244019900019,1.0050459722877876,470.0
C,6.0,61.970913421774156,13.217174745327139,39.933598214342766,52.68983516657178,60.70414117098447,69.86238856279275,92.0876172062321,1.0022084241314375,2000.0
C,7.0,58.50710964276693,10.29661110422701,41.04701512477399,51.26447159888997,57.69196394266597,64.61222198754145,81.18319565639933,1.003997329007196,660.0
C,8.0,50.57191157983727,8.283600786519457,36.03040540296176,44.76558666524014,49.93970572136779,55.8502713366063,67.96107821307169,1.0019840602805308,1700.0
C,9.0,72.7196084348216,10.192389854203277,54.05474843512793,65.481962524247,72.35920637484936,79.29588191850506,94.02189793044273,1.001021097440916,7500.0
C,10.0,78.50465889058323,9.970595923121728,60.276633128909545,71.63788884821673,78.06040761053643,85.00786334688162,99.21124034232334,1.0013085835090196,3900.0
C,11.0,66.48581517963979,10.033798643178873,48.33441124036925,59.55703122388799,65.85372267550858,72.78879153960081,87.8380696185532,1.0016456857045624,2400.0
C,12.0,37.37149713001245,5.540916001307825,27.37580972607064,33.399405319436646,37.06457297761893,40.91094394554204,48.88186299878783,1.001818058062345,2000.0
C,13.0,35.232092859516214,6.31669803877666,23.99680933303414,30.734870314535932,34.843226938391936,39.27430557655271,48.5225926038503,1.0087304646476802,250.0
C,14.0,48.176729818413534,8.445109265439731,33.47587461495055,42.2178998350474,47.64821905509264,53.502031689938505,66.45495688767427,1.0032805648527394,810.0
C,15.0,54.076255540217346,9.76014420816085,36.89631252034154,47.08227074478771,53.47152383800205,60.23082144887158,75.1480618451414,1.0076530369066636,290.0
C,16.0,40.89471120289852,7.774018099511513,27.2474365401314,35.344786372554324,40.32684799761334,45.825906287644486,57.41154375683111,1.0040388973172785,620.0
C,17.0,28.888581192128004,5.7312376951505515,18.990919662648224,24.85478487940727,28.37405491493635,32.40605458427566,41.6084895761989,1.0025047062832266,1200.0
C,18.0,56.2469915176008,9.051159906892245,40.413547230452295,49.92593821882465,55.507816555547066,61.98803440278313,75.49699686941216,1.0078456954979644,290.0
C,19.0,54.65449543339338,9.252964556347864,38.37356493428464,48.16411562834847,53.949059793700286,60.57160531104717,74.7641703058531,1.00250450677497,1200.0
C,20.0,67.40180908286652,10.65675471668522,48.35381842044326,60.01726231963743,66.685524658541,74.24387519552837,90.41068632886471,1.0012273920049375,4700.0
C,21.0,37.245166066294296,7.039782471785255,24.936384073777067,32.23913105022502,36.68763566475482,41.66437906887762,52.27823152829418,1.0036884936957657,690.0
C,22.0,46.46016622809775,8.115858598824598,32.4548876611547,40.58998217742878,45.904615723498544,51.68216669249765,63.99906776650098,1.0011609067877925,5500.0
C,23.0,40.16039583088678,7.005009234463811,27.89694044079235,35.20867970408906,39.67588256352044,44.59598247782092,55.18309683164241,1.0008562580024163,7500.0
C,24.0,53.54056963814779,7.78103526770376,40.013452314045914,48.04641511695755,52.93584898179039,58.57223331736463,70.38112812290503,1.000982541151561,7500.0
C,25.0,41.90242985575282,6.5916012164103055,30.224901068706323,37.29486538178863,41.465683974081756,46.03924767168551,55.964716328385116,1.0012158157309914,4800.0
C,26.0,34.59106808320951,6.299570239518214,23.729552243288715,30.109568130327375,34.131172892914684,38.58387596794436,48.39598665666527,1.0013301470642617,3800.0
C,27.0,40.897505587048215,6.586640320279362,29.080861263633686,36.298523384718315,40.47122083258743,45.08186055484295,54.71082522710489,1.0010250367675595,7500.0
C,28.0,56.39931509509067,8.415888192433915,41.52367548156653,50.48890255967682,55.92260470292284,61.61524743697488,74.38265927989643,1.0014360820882804,3100.0
C,29.0,41.8043360337669,6.582436361805208,30.174980734295126,37.249320292594454,41.28545217287115,45.811934112842934,56.34892460788399,1.0009557217676097,7500.0
C,30.0,38.71490360293452,6.6220257179593975,27.283795760263402,34.05301406437467,38.21994462524881,42.798011306248945,53.10843596874012,1.0008708221151592,7500.0
C,31.0,59.16399051872035,8.927143613617156,43.40618817992069,52.90164953032673,58.659547188615825,64.73207610835142,78.33838444457449,1.0027362058097102,1000.0
C,32.0,59.71202245347915,10.691837700427898,40.94432176804394,52.22101290032003,59.020584406338976,66.40257349736139,82.80568565005487,1.0008900105939207,7500.0
CP,1.0,0.566504114429322,0.14611730192463337,0.31944158511205606,0.46328201321246293,0.5542673808241405,0.6543935198559789,0.8957824677328227,1.001430332052024,3200.0
CP,2.0,1.2131487695576224,0.3091603403742636,0.6910833742909163,0.9895983726959827,1.1875716099734968,1.402054949557744,1.9039990302978218,1.0055128228291734,500.0
CP,3.0,2.063092468192114,0.37135411441302163,1.3980459886990078,1.8009256295534155,2.036255737639334,2.299520671189079,2.842715370242247,1.0025964060577315,1100.0
CP,4.0,1.0238338823484312,0.20703967614578106,0.6705542113027363,0.8792632067035877,1.0071503525952907,1.1508177811122084,1.478065254785368,1.0038151243568256,670.0
CP,5.0,1.7964360534417922,0.28303403229743557,1.3198452804650185,1.5968092472821904,1.771444396362565,1.9721137202863896,2.412810866261679,1.0036241339203915,710.0
CP,6.0,2.1860992724722084,0.39978979838609235,1.4866207986193787,1.8986388938741396,2.157454689385289,2.4401433538600585,3.0428030178292236,1.0046054137644427,620.0
CP,7.0,1.80493197189538,0.2389318836898858,1.3702848034838289,1.6353170873323233,1.7916172435259266,1.9588848297483972,2.2994440769379203,1.0016203451499437,2400.0
CP,8.0,1.601600018485861,0.22793331475156706,1.1850294801084476,1.4390495229807923,1.5931916389745855,1.7475361800141058,2.072693615566923,1.001098686537988,6700.0
CP,9.0,1.9623988140524384,0.2534311474234331,1.485766843978821,1.7860711166535403,1.9539887918645158,2.1317091100852603,2.4774081524551117,1.0008161249661545,7500.0
CP,10.0,1.8120530996511646,0.2217974276896877,1.4055828286904843,1.6557513098971006,1.8051586377414546,1.96021701002854,2.263605817916151,1.0013276164132052,3800.0
CP,11.0,1.4877291124086145,0.19520317575412863,1.1262660567738387,1.3523110368412152,1.477766731615505,1.6117977038159423,1.8940873163919933,1.0010322415687205,7500.0
CP,12.0,1.0772555400878503,0.1500402839193729,0.8091214338801769,0.9724364623255617,1.0710209513946585,1.1735164832585971,1.3863817506722753,1.001429238820693,3200.0
CP,13.0,1.020152855730349,0.1574158244039488,0.735263338474891,0.9108000158643559,1.0139001353103332,1.1223670597750757,1.3476952826759674,1.0046828150604437,520.0
CP,14.0,1.601683815207938,0.22720442344184988,1.187721648056517,1.4422716121216959,1.5952149727143843,1.7497953350267421,2.071133111541013,1.0008895945188192,7500.0
CP,15.0,2.2689197383746107,0.3178322491097309,1.6836706454986794,2.044905475273616,2.261521524725222,2.472442435799712,2.926772120868865,1.0038294928713183,660.0
CP,16.0,1.5308943720567967,0.2460142473527961,1.0900503393146037,1.3619618564321985,1.5181196596525974,1.6903207856695166,2.043065633913275,1.003818773420853,660.0
CP,17.0,0.96850031390351,0.17382541307040597,0.6595838667369317,0.8481650198743984,0.9568533329639699,1.078041414839349,1.3369323080185118,1.00250553762998,1200.0
CP,18.0,1.978334592127154,0.2578231300860038,1.5163781334755133,1.7984519331921665,1.9696422311794355,2.1481705457842724,2.51191606957409,1.0020882221163925,1600.0
CP,19.0,1.6720709212464848,0.22555295164296088,1.2523080283369807,1.515826704362966,1.6578306475068276,1.8176738421025915,2.141143361584345,1.0032258215189511,830.0
CP,20.0,2.1451126655673045,0.2572386653137912,1.6648755750762858,1.9666778554812647,2.1338302692728996,2.3145192806024975,2.666740222825632,1.002383230103587,1300.0
CP,21.0,1.1545721229433032,0.1918348317897306,0.8086985245898027,1.0213381371005912,1.1438603523311304,1.2802595431814274,1.5504032933814433,1.0024424181376046,1200.0
CP,22.0,1.4498030949501755,0.2116880072632424,1.0665356460693995,1.2999247668515053,1.4389648028202982,1.5923330362559531,1.8852461845651334,1.0014454082785291,3100.0
CP,23.0,1.1654940961452291,0.17790672729287282,0.8398133298025846,1.0408412115488792,1.1569427325536994,1.278096304069401,1.5388626805933856,1.0009100609483623,7500.0
CP,24.0,1.6698464106354545,0.21864293616659278,1.274220700210258,1.51691089717415,1.6594163540929077,1.8089547564655517,2.1278426750892296,1.000843068773978,7500.0
CP,25.0,1.177563211330172,0.1684624977310986,0.869997991186446,1.0591416078056564,1.1693562280714682,1.2840611363904408,1.5337473349171051,1.0013780713644107,3500.0
CP,26.0,1.122838147742191,0.1847392699184565,0.7915574875142206,0.9938099134671632,1.1121258335466793,1.2401972322956325,1.5101830991038157,1.0014181639511637,3200.0
CP,27.0,1.3660643499943608,0.20535751402558924,0.9945791696276437,1.2226574441694436,1.356552119133084,1.5004201470381122,1.7953684272792105,1.0012593526293785,4300.0
CP,28.0,1.7078843395339285,0.2314761327695322,1.2851871194612399,1.5449525801624002,1.6999536624287497,1.8532148028946094,2.2001790781997896,1.0009876279329952,7500.0
CP,29.0,1.3825796560019676,0.20081780696238824,1.0182581802557216,1.239919684943851,1.3709527517522002,1.510360101387892,1.8076117948473687,1.0008376553070608,7500.0
CP,30.0,1.243501175437906,0.19446551585933397,0.8985468579243301,1.1080229885070416,1.2301656078187824,1.3716805335098559,1.6541580487395293,1.0008553543064211,7500.0
CP,31.0,1.6423251663640759,0.20749670794562572,1.2623783244891946,1.499902800798151,1.636040072369878,1.7734020624108304,2.084023283185223,1.002598018222543,1100.0
CP,32.0,1.441400742131608,0.21476104881729657,1.053589311553206,1.2908822795987507,1.431532167011054,1.5775769476153152,1.9018552507055302,1.0014034990609506,3300.0
N1,1.0,31.675922986070585,5.495152918633567,21.742317907041983,27.794051769426364,31.30810718743136,35.215907036756526,43.250903690218294,1.00538717997246,440.0
N1,2.0,9.31434084396485,2.835398767004024,4.596384167447366,7.2662764649683815,9.012874557903295,11.091772426619874,15.64587089499659,1.0013327930658538,7500.0
N1,3.0,14.33494837713347,3.5772171275404903,8.182437659648775,11.75825580207544,14.086095415492748,16.562330608845635,22.107797484396123,1.0012571552939433,4400.0
N1,4.0,20.47661077758958,4.306562484139689,12.717680327209619,17.482420727530858,20.17128894586225,23.202456064941163,29.70022027439337,1.0014936499614826,2900.0
N1,5.0,25.0060222250598,4.33180009501065,17.21828072175034,21.963183923389643,24.72852700041445,27.759496525750574,33.94787205389329,1.0020294446522973,1600.0
N1,6.0,46.19681333633994,5.864025129899466,35.55375590187022,42.087908833581736,46.01379121599603,49.94299231980836,58.46922197348978,1.0023326406415127,1300.0
N1,7.0,16.45186689763371,3.8682995896040655,9.741541682611784,13.712910011069622,16.164100931489294,18.94874400332736,24.662347361432246,1.0010159016767173,7500.0
N1,8.0,21.288206010847794,4.355719865706604,13.566390273922408,18.2167743413224,20.997628588734358,23.997091396957668,30.594779576930506,1.0014166483524118,3200.0
N1,9.0,10.526159894240712,3.156048676236598,5.249561257757194,8.19669678211691,10.232080282223736,12.515324892824264,17.43625032891643,1.0018251614431655,2000.0
N1,10.0,5.380111806960239,2.343604972267967,1.817490285137368,3.672994509871331,5.0622188412016405,6.715139559501266,10.819468878852721,1.0008398445702136,7500.0
N1,11.0,27.267535449596068,4.731073062096217,18.617987607573742,23.98947977499987,27.024069136402762,30.288129928816225,37.2161272918776,1.0012540371949188,4400.0
N1,12.0,8.236469202500508,2.1353006433127497,4.517645326095462,6.712663533486972,8.07064686078005,9.615812960480069,12.771725761710963,1.0016467303919103,2400.0
N1,13.0,24.98984438946056,4.200482268839902,17.32270070487089,22.108075654031037,24.784779022959757,27.680672088105187,34.107250631730395,1.0021732449153231,1500.0
N1,14.0,10.078169969354903,2.9652096944330855,5.1900330579524665,7.948871796009051,9.793325116234879,11.888750386694618,16.732992310803333,1.0011106751398613,6400.0
N1,15.0,17.071375331573943,3.919753952113194,10.328390382404185,14.275802290493203,16.734604474332407,19.50869664174324,25.634082662671304,1.0030236996703206,900.0
N1,16.0,14.713654772061727,3.7653441353146637,8.209461810052952,12.038981706255992,14.401658059465053,17.023318692288978,22.808299425447764,1.0008041864986474,7500.0
N1,17.0,8.76920599642729,2.8289035948785037,4.132342756306112,6.691884821284113,8.458654028052798,10.555723853551475,15.09561829940426,1.000963376259833,7500.0
N1,18.0,13.25224229658381,3.2697603982844563,7.620595547082304,10.960063033489062,12.993023699348193,15.316339234943944,20.374745475754718,1.0021557348034398,1500.0
N1,19.0,14.255685242235463,3.5948420361976323,8.030953863350604,11.717542184760063,13.981792112997464,16.531265496896463,22.110414928849455,1.001973835813065,1700.0
N1,20.0,20.64862535579492,4.2728625572038315,13.035882955353527,17.625288941468582,20.37869796761235,23.508851344180034,29.64403539913548,1.00111296527821,6400.0
N1,21.0,18.670246459328038,4.192425359601978,11.511693907734864,15.67167628630615,18.349294827185084,21.30409014928781,27.66208459809779,1.0011100037946392,6400.0
N1,22.0,17.388103434499246,3.8226904091657654,10.656496798981197,14.68612629158172,17.14871168459188,19.847123504746936,25.628698876466714,1.0014600644689615,3000.0
N1,23.0,11.40418432282106,3.2271967637918286,6.017288556104644,9.10708131846668,11.065813500471107,13.371566047189798,18.679880224122076,1.0008062663869028,7500.0
N1,24.0,14.12859493759782,3.50070416020296,8.042304248873059,11.63463642174925,13.860527631385589,16.279368742352627,21.79276437546309,1.0010176732188731,7500.0
N1,25.0,14.541405608191845,3.6743205666349517,8.16255301516096,11.86399891043106,14.227380246457193,16.924565859039326,22.517437956303016,1.0016386903169212,2400.0
N1,26.0,11.963330885776232,3.2401590168214915,6.473250464001484,9.63238018693213,11.715188624592288,13.950077959912509,19.089719243127742,1.0009082847645143,7500.0
N1,27.0,8.631846563606343,2.813981530058037,4.0462880430957275,6.61421373513466,8.322737022628852,10.316232766194043,14.970826004137521,1.0012037006673489,4900.0
N1,28.0,9.625696209529204,3.001878595414034,4.526554505053825,7.479444260355029,9.366248449559246,11.469438077316182,16.29771409221041,1.0008967220493425,7500.0
N1,29.0,16.85810943996929,2.94186353745084,11.583330999622245,14.826314543236466,16.66573077026267,18.74980458728651,22.904327513381336,1.001119072421553,6200.0
N1,30.0,16.3643363133293,3.7630380695398395,9.73223847117999,13.699156404366924,16.100717903472344,18.820787110342767,24.322339807687218,1.0009695723680836,7500.0
N1,31.0,14.719838535863541,3.57321835086979,8.502547283391618,12.137190099953656,14.45601088332718,17.011154512346312,22.399053852198964,1.000880735755713,7500.0
N1,32.0,9.643341359606417,3.0252919444212143,4.644439718674582,7.4782689159421665,9.318199766962936,11.4304949799049,16.38613324685273,1.0008099350204018,7500.0
N2,1.0,101.4987802134506,10.16813418870655,81.85745289475531,94.48521218368667,101.51882439724262,108.15853271625303,122.53683599628856,1.0030771417069897,1800.0
N2,2.0,56.51497956865641,7.008689682094046,43.53623046178293,51.67835181254292,56.07772864632037,61.06955916056466,70.98257416709392,1.0102925971726155,210.0
N2,3.0,51.02744733849489,5.660643646236581,40.75980006523025,47.07173382685809,50.72106078318162,54.69159970895915,62.98598106218248,1.0018444591220501,1900.0
N2,4.0,65.43413452696478,6.508354152619147,53.40663404870904,60.9025173107947,65.20150632297221,69.64320078852543,79.06074417458788,1.005585109826524,420.0
N2,5.0,62.785953633570145,6.256604745658507,51.141378648743284,58.576749686386805,62.63894048664333,66.89119718544323,75.34374046271505,1.0044390443036708,790.0
N2,6.0,56.75315392132742,6.514976479419133,44.489451025800335,52.415700160622755,56.51352207279725,60.90142157356891,70.13927622361412,1.0029293233333285,940.0
N2,7.0,64.82446206476037,7.276601908577525,51.46009638744307,59.82030754539342,64.60828066731023,69.55288927031285,79.78438662218616,1.0083059810937611,270.0
N2,8.0,63.25646463413039,6.216018511906734,51.60286043494461,58.98963042724883,62.993874979066504,67.4003696465674,75.85847163996701,1.0043855316416144,560.0
N2,9.0,74.24793120683434,6.016798846787474,62.939232799300456,70.13495350076352,74.084821415069,78.17282751334598,86.59451974152708,1.0017329139860405,2100.0
N2,10.0,86.81805057498684,6.1792538332364035,75.39188684708601,82.50928547113526,86.63613005685754,90.92214765509644,99.55148477712167,1.0011371165682816,5900.0
N2,11.0,89.42070984516023,7.136292402565447,75.99974640788258,84.41721094186987,89.09170360537672,94.16837285162372,104.03126997195368,1.0016861134137325,2300.0
N2,12.0,69.49405524503428,5.2459840707936305,59.67176487345765,65.8272968363883,69.33556868125301,72.90869245949018,80.10711144461767,1.0010961097970217,6700.0
N2,13.0,69.09926831005815,6.5755650334113875,56.89042415925135,64.54645992883557,68.79947805308254,73.45474128293564,82.50225742445605,1.005805390442553,400.0
N2,14.0,60.20542306311636,6.575842457294954,47.72034053442111,55.723442804806396,59.97388449750276,64.4901500949895,73.80525511839,1.0081311513630902,270.0
N2,15.0,47.733728255033625,5.969845968372956,36.813522608672905,43.518516037283405,47.52481377510361,51.688221848643884,60.02994539260208,1.0060195547648598,430.0
N2,16.0,53.49792619271572,6.052136199593883,42.22226739696067,49.341076539732114,53.28084927128181,57.4498782039524,65.85266066013153,1.0013338959468776,3700.0
N2,17.0,59.76881983542061,6.084908067371591,48.40677363856408,55.59021270413338,59.61370322476882,63.6950968422812,72.41749953667355,1.0011684612995042,5400.0
N2,18.0,56.93196601843473,6.015192901196454,45.79727463679921,52.661765670779744,56.66007488402085,60.93891660440416,69.30262123712309,1.0105636072384898,210.0
N2,19.0,65.40128529423484,6.897219777388917,52.7406157056106,60.52365188131679,65.10078901052914,69.8813468554675,79.82016977399758,1.0008118992494712,7500.0
N2,20.0,62.87722256492247,6.75206382546638,50.22565024590512,58.16830331922077,62.57829132322264,67.35605891876884,76.7250493895053,1.0039664190056337,630.0
N2,21.0,64.61997586581575,6.719665738624615,52.24715418113797,59.88462390056114,64.4180534608918,69.01831766096345,78.45378631265746,1.0036418687253412,710.0
N2,22.0,64.14398861525639,6.596961103593366,51.66190305090941,59.59790540269752,63.91114971203389,68.5087418106035,77.54406248787788,1.0028176764543661,990.0
N2,23.0,69.01504384244352,6.84321089394817,56.4202525018734,64.25489806469629,68.80491681839612,73.51447159581261,83.19732180167355,1.0016766665786194,2300.0
N2,24.0,64.26277098575413,5.790892614559566,53.287886159517456,60.29233774629552,64.02175022728518,68.08926030713212,76.04385475208475,1.0009780295360224,7500.0
N2,25.0,71.31006305191733,6.417336491913757,59.20169879126722,66.82703262877207,71.06605868718341,75.49792078134057,84.77641537007835,1.0015975102928696,2500.0
N2,26.0,61.71858602975873,5.908222355518613,50.85356338656204,57.68299056132982,61.42515171406559,65.57498605252744,74.11484356123948,1.001580363095212,2600.0
N2,27.0,60.004679023139914,5.198733275251179,50.328863398512915,56.377811280894036,59.81588244212623,63.359802113859324,70.78401263755775,1.0016165359940568,2400.0
N2,28.0,66.13595406202695,5.3468086677568705,56.20736493374885,62.4451140903411,65.94159819973875,69.63386916641919,76.99290724665686,1.0014572590858646,3000.0
N2,29.0,60.553731164960155,4.774199845066092,51.65556489840781,57.32277441349413,60.38397118378212,63.629664200138606,70.34816456496306,1.0011224639044454,6200.0
N2,30.0,62.39459851680092,5.762731264403127,51.644155651122674,58.344018847061434,62.146613497968495,66.20062906747083,74.26485424813113,1.0009722762085183,7500.0
N2,31.0,72.1148225338183,6.636372249313087,60.02775897092426,67.51001904927797,71.82989346939424,76.50374520244947,85.93632281537143,1.0011687417190407,5400.0
N2,32.0,82.86759109122475,8.25182952714771,67.4282996174771,77.22449226481899,82.66465224868594,88.23833991522234,99.67093255583077,1.0016066590523403,2500.0
Psi0,1.0,0.3568499090256852,0.21856650473576075,0.01639819201915299,0.1754361475753243,0.34517383290695125,0.5157051847328009,0.7908292624492883,1.0026804681924228,1100.0
Psi0,2.0,0.2983774378615761,0.17573638072565448,0.014538772950554665,0.1533186074131732,0.2918571889544177,0.429571702454539,0.6490424505543565,1.001055467931778,7500.0
Psi0,3.0,0.4206509290423995,0.1603666365887411,0.06298067320302898,0.3188715387938825,0.4409914235045882,0.5395004281326509,0.6837370721187037,1.0186551081925286,270.0
Psi0,4.0,0.13527434309671316,0.10474995961431419,0.0047886380942099216,0.051527157265914586,0.1103937834669495,0.19728980679494895,0.38299249497958554,1.0013367475826804,3700.0
Psi0,5.0,0.07905420831118902,0.06582314759238252,0.0026532007244771325,0.02646786557700322,0.06297423019626806,0.11426818820407637,0.2452727832761053,1.0022741677081954,1400.0
Psi0,6.0,0.38926485593166427,0.20704070408253436,0.02631240745682903,0.22851353829988788,0.39242019316067617,0.5459804976883628,0.7794372281018874,1.0079345490598992,360.0
Psi0,7.0,0.31216541493031935,0.16895093244101245,0.021256611872651533,0.1785950828228719,0.3101433102421064,0.440168391460894,0.6283098345268405,1.007779703058693,290.0
Psi0,8.0,0.5556303863451952,0.1908737180975789,0.11910129707545113,0.44155001562113777,0.581048219739732,0.6920876392949848,0.8728160807899622,1.0021441578322698,1500.0
Psi0,9.0,0.8269996180224201,0.09833754648624535,0.5924602307826297,0.7769799285196022,0.8431692580456372,0.895647847836403,0.9712988396455697,1.0012982930993397,4000.0
Psi0,10.0,0.32786541230017263,0.14001770415675313,0.048065212265315634,0.23170445974841006,0.3369504785556257,0.4314147955010298,0.5790791853580519,1.0032498962673293,2000.0
Psi0,11.0,0.3490876549983251,0.21451187936409533,0.021749771261825094,0.1758992945635066,0.33033914213193183,0.49502445319089605,0.8137079396081687,1.0017545444253741,2100.0
Psi0,12.0,0.1785505307998247,0.1206460952112056,0.007413035545343005,0.07852066530690298,0.16251495642749467,0.2612872632946903,0.44386500250833627,1.001909951620168,1800.0
Psi0,13.0,0.4271485041926234,0.2193493616367118,0.03342856719212693,0.25204696675502614,0.4350121472699057,0.5991653959248723,0.8204549729378567,1.0107037111064827,280.0
Psi0,14.0,0.2735154493815174,0.1675790756421039,0.014271496397245483,0.13499383421271488,0.26297156983044934,0.39349364309630136,0.6229329886254265,1.0032429643371819,820.0
Psi0,15.0,0.4124388909728639,0.1930535979231523,0.037563626196175016,0.26988757405543884,0.42726120936088624,0.5630944951543978,0.7413595563383002,1.0009209286859673,7500.0
Psi0,16.0,0.5623235006818854,0.20864931031518028,0.08069978431003849,0.43460887714310215,0.6020766262266418,0.7209986764215338,0.8694018011699495,1.0010118015395333,7500.0
Psi0,17.0,0.30812487658112225,0.1804964692441558,0.016842155627736024,0.15745999900606966,0.3020710987832967,0.4452503312334808,0.6584041654864823,1.0010218765187981,7500.0
Psi0,18.0,0.509560526568553,0.18463996156168425,0.07817640200231231,0.3996000784317623,0.5406627231637672,0.6486219631080253,0.7865236155829046,1.009873785167479,390.0
Psi0,19.0,0.3173087116677839,0.1700789822216883,0.023965350113292625,0.18118332075568805,0.31732931595408903,0.4473847339045006,0.6332081047600729,1.004532099538159,720.0
Psi0,20.0,0.3789888089125466,0.1832966498622109,0.03325877120164534,0.2383005929707889,0.3905589021303659,0.5243371703995963,0.6920376287174365,1.0014906883642989,2900.0
Psi0,21.0,0.29753358665953794,0.17173903135598598,0.016612437379036667,0.15889684622614886,0.2897503079855136,0.42349168570630313,0.6331576106953672,1.0032521647644024,820.0
Psi0,22.0,0.5117239998406458,0.20708541119353194,0.06116582214588798,0.3742262792450185,0.5435312317685346,0.6724212161451064,0.8305557489105306,1.0010134995774054,7500.0
Psi0,23.0,0.37672658691056904,0.18883467341278384,0.02715782372204806,0.23160408199364593,0.3829388043453513,0.5241066843289044,0.7112279155498131,1.0024829054134106,1300.0
Psi0,24.0,0.4753323091401193,0.1593577932134163,0.11965503689075146,0.37369352570391245,0.49025611320298523,0.5901316941291872,0.7470902454796094,1.001031584052897,7500.0
Psi0,25.0,0.5993692986133057,0.14101436075355847,0.2606533400214336,0.522741697899507,0.6202291953900078,0.6972244208734514,0.8151570566871499,1.0010520904984896,7500.0
Psi0,26.0,0.5513037729347353,0.19679111120235437,0.08942041993728873,0.43092049032066193,0.5865723515896873,0.6996257102445191,0.8449661127090392,1.0008572800834306,7500.0
Psi0,27.0,0.49301112826164983,0.18537987634773112,0.08676713443603463,0.37221180162853873,0.5147857962363017,0.6315000410660304,0.8029169486995382,1.0008158388143864,7500.0
Psi0,28.0,0.09916478235837912,0.08290537431561935,0.002896287175886427,0.03436943531004434,0.07704373982686098,0.1440995590293782,0.30648672366236357,1.001142837739239,5800.0
Psi0,29.0,0.41658077583942194,0.16579383870187153,0.0567842656497426,0.3066004309018091,0.43375452584867175,0.5349502844716016,0.6991314563015055,1.0009390815442682,7500.0
Psi0,30.0,0.42182001329696356,0.18286873267530493,0.04780466673677779,0.2978225215269322,0.43874771951040564,0.5606805479214481,0.7317905965204707,1.0011857900742036,5200.0
Psi0,31.0,0.6523483957634988,0.18697650986301212,0.15418543427618553,0.5636895998455863,0.6984428383599449,0.7858719317880096,0.8974765361035488,1.0019940978252335,3300.0
Psi0,32.0,0.4972480059411511,0.28787585701635343,0.026789846547005752,0.24573923670093253,0.49292841926344655,0.7434641728932805,0.9742333987459942,1.001581825071076,5000.0
Psi1,1.0,0.8809418722214748,0.10369690608720443,0.6184030650291358,0.826649550674842,0.9103796811837293,0.9605371644571085,0.9966621307050575,1.0013297949724949,3800.0
Psi1,2.0,0.8903283322195432,0.09897538540013087,0.6256524438521404,0.8441604659522363,0.9188464162064914,0.9654053005788483,0.9966559975934544,1.0011458333418486,5800.0
Psi1,3.0,0.9003816531754307,0.09074878514159743,0.6605160445163929,0.8587514319138578,0.9270422087659476,0.9682529642306525,0.9967277792915977,1.0011547216893661,5600.0
Psi1,4.0,0.8591962635658787,0.117381452283334,0.5669576152237878,0.7973314486158886,0.8886126651602224,0.9521789207473703,0.9953286984149516,1.0008441708747586,7500.0
Psi1,5.0,0.858805888298362,0.11730357765112376,0.5686933752027397,0.7933138704023651,0.8896878804024613,0.9514915144108909,0.9951773325456232,1.0021763209503427,1500.0
Psi1,6.0,0.8790502694176809,0.10184141318958773,0.6284988316344186,0.8222817676592575,0.9056327872494172,0.960248988101656,0.9965013491299984,1.0013099066395683,3900.0
Psi1,7.0,0.8942000057614405,0.09440088834228137,0.647917736971145,0.8511819208894921,0.9198093482459625,0.9648095395681218,0.9969930861011328,1.003438298594347,1000.0
Psi1,8.0,0.9008087054862289,0.08821704046391449,0.6804584858009765,0.8564815039988929,0.9261148018046246,0.9684844459757884,0.9970588910782953,1.0008672181451237,7500.0
Psi1,9.0,0.9034390855476604,0.0859584093468727,0.6845383161813062,0.86034523721644,0.9273681193481568,0.9696174516199436,0.9974637139251505,1.000977818172219,7500.0
Psi1,10.0,0.9004600703937858,0.09174774028246513,0.6587858936642259,0.8588470524552186,0.9271955257538274,0.9694298872138136,0.9971674093304497,1.0011409253300894,5800.0
Psi1,11.0,0.8866920047644098,0.09459475950657271,0.6506968734959496,0.8365575424454146,0.9103310689047479,0.9614262971129532,0.9964586046113908,1.0017843122885832,2000.0
Psi1,12.0,0.8962891289213533,0.09190321622388538,0.6661468379463494,0.8503545838635939,0.9219115868380257,0.9670620052259751,0.9970854347251069,1.0009987192905498,7500.0
Psi1,13.0,0.8876787209662871,0.09921762125264706,0.6361274505978887,0.8387134504881923,0.9153833766058576,0.9646501142110586,0.9968797346243017,1.0011841701401207,7500.0
Psi1,14.0,0.8968439838423107,0.09291538387379296,0.659090802904461,0.8522335053672663,0.924379353820524,0.96736156135206,0.9968414232298557,1.0017699088422745,2100.0
Psi1,15.0,0.8924614369984735,0.09592404408448592,0.6417612198077518,0.8466759148560714,0.9189387814235299,0.9655402942392323,0.996810394846198,1.0022085764449569,1400.0
Psi1,16.0,0.897940893988043,0.09070309261774001,0.6579392364978001,0.856097458794104,0.9228968428969274,0.9667974387880541,0.9968033935628928,1.0015147036065972,4700.0
Psi1,17.0,0.8935722814456726,0.09421398618725138,0.6529951845119603,0.8485231886264647,0.9186385389576439,0.965542143027648,0.9966012706402673,1.0010347235098467,7500.0
Psi1,18.0,0.8967302603766558,0.09291641312492058,0.6537207989097339,0.8524763001853961,0.9237047313218266,0.9667481748539214,0.996976461399631,1.0008419884263493,7500.0
Psi1,19.0,0.8932124892530541,0.09426072284942053,0.6518616007486795,0.8460482326877292,0.9201364253342499,0.965675291585953,0.9969042517236202,1.0008594427976378,7500.0
Psi1,20.0,0.8948284956280594,0.09210566133134739,0.6594475782978559,0.8481971962772274,0.9205174386630384,0.966081561767019,0.9966975487366155,1.0008081794992831,7500.0
Psi1,21.0,0.8888950925480452,0.09967866276796077,0.626366088357589,0.8414487511018026,0.9183292130580101,0.9644396725429951,0.9969225290303194,1.0043817001724675,1400.0
Psi1,22.0,0.895263516441826,0.09349793472385926,0.6563079537959814,0.8503824343553336,0.9219000252512538,0.9669282759399008,0.996759722439793,1.0017248389942126,2200.0
Psi1,23.0,0.8937270353151778,0.0942166945514337,0.6427667218955283,0.8498715643801793,0.9190880118716043,0.964911109699296,0.9967960356276898,1.0008533649545832,7500.0
Psi1,24.0,0.8982223747309814,0.09024723705181703,0.6660625301402112,0.8548627735360804,0.923987268983236,0.9672641629213127,0.9969278107359928,1.0012068158968153,4900.0
Psi1,25.0,0.9017601074488927,0.08649875795419082,0.6781492843098684,0.8597136134761141,0.926711420893989,0.9678145831004485,0.9969259787277254,1.001035712453725,7500.0
Psi1,26.0,0.9004400576947822,0.0879574590034134,0.6772668516498501,0.8570445632146634,0.92524696922853,0.9672767024078397,0.9968260262518691,1.000976680786449,7500.0
Psi1,27.0,0.8994760692477706,0.09046043936528525,0.6662377794317361,0.8541339986043988,0.9266601140687484,0.9687469383147234,0.9972104305763408,1.0029954764115516,2200.0
Psi1,28.0,0.855397728653305,0.11955387570774441,0.5566827692744313,0.7902926907112797,0.8863405224525895,0.9493415955422583,0.995814724680593,1.0014286964255097,3900.0
Psi1,29.0,0.8975378893035342,0.09111494289840179,0.6618172210250808,0.8523237605307464,0.9230602861577002,0.9672734004282432,0.9972187903802489,1.0015803514498116,3500.0
Psi1,30.0,0.8973868356190974,0.09150031553943228,0.6522851548011567,0.8519664224571729,0.9234756892516782,0.9667733149250639,0.9968428612400569,1.0014687598375187,3300.0
Psi1,31.0,0.8987934215213448,0.09050968563703565,0.6633041484584811,0.8558408953469422,0.9246416312111309,0.968040122483716,0.9970983963233643,1.0015939186223077,3600.0
Psi1,32.0,0.8992259706617023,0.09133838965204473,0.664670902999598,0.8568259838680551,0.9247314920302733,0.969013017165693,0.9972103793950297,1.0010022814468795,7500.0
S0,1.0,0.4694614281809302,0.19658703445516468,0.13391978502213603,0.32494187857964685,0.44975473602064103,0.5961073431286553,0.8910837193936934,1.01027078526048,870.0
S0,2.0,0.6180655247170105,0.1796816144057257,0.28029626912590355,0.48533609663701904,0.6180353092930533,0.7530124608504518,0.9526279803907763,1.0204428851878198,150.0
S0,3.0,0.6813575116225132,0.1737582510776589,0.3498990135786747,0.5474437399994219,0.6861284854933835,0.8182137037348255,0.977788120003128,1.014031241776017,180.0
S0,4.0,0.8098432111107072,0.13017252839517265,0.5318559672484473,0.7189771975956349,0.8302841029765297,0.9179241588590406,0.992510882589884,1.0026799999922897,1100.0
S0,5.0,0.8604861863116958,0.10614396980259169,0.6101709952491531,0.796002946340815,0.8816418541597749,0.9470450950891763,0.9951491673851945,1.0202198256843602,190.0
S0,6.0,0.3875912510768586,0.1652541693028947,0.10246346285977134,0.26695581096759247,0.37608115912754436,0.49642669912737775,0.7422746996144952,1.011067765610828,410.0
S0,7.0,0.5367532909992478,0.16635679591740365,0.2707601743785241,0.41199575233317054,0.5162304716222096,0.638516330202379,0.9131069701650314,1.0118124584286918,180.0
S0,8.0,0.4258782663268312,0.11820691944263015,0.20496080482510318,0.3430798227399472,0.42111175301655895,0.5054731882405207,0.6712097472898294,1.0054245343897994,530.0
S0,9.0,0.3841517614864937,0.07995695228982876,0.22369806929342353,0.33149844939836426,0.38479807037347047,0.43843950806285065,0.5389410969926391,1.001000240831107,7500.0
S0,10.0,0.5229804516167758,0.08513528368340838,0.36208217496232165,0.4630563553969583,0.5216917312898856,0.5810043808730627,0.6945484763641308,1.0018018815257619,2000.0
S0,11.0,0.1520340317987005,0.03435797588001812,0.08732884071181403,0.12842450690569443,0.1512809439747886,0.17500771031182105,0.22135625344187151,1.0007996436665207,7500.0
S0,12.0,0.8069341835657746,0.12458614627215135,0.5391271085225583,0.7207955977749106,0.8220911783652038,0.9092718992137242,0.9905256255107083,1.0065382887044507,360.0
S0,13.0,0.4638454850465376,0.1903384291016653,0.1274725694402404,0.3285768521628126,0.45084182911410575,0.5839398115921166,0.8844967000453056,1.0046365454948007,1100.0
S0,14.0,0.5020302826526296,0.15594802981727496,0.24864107084400797,0.38657303006543764,0.4848615251255392,0.5991856306814398,0.8541387966836733,1.008683108287676,260.0
S0,15.0,0.4691717591600514,0.17452260070370385,0.18478122561104138,0.338836769321494,0.44771402907268804,0.5833662195539501,0.8610040158829181,1.0029593535584642,930.0
S0,16.0,0.5011886551317444,0.2072019730813195,0.14639068892082005,0.34489381846990036,0.48365066691188086,0.6416646823409838,0.933735075133892,1.0030627509301593,890.0
S0,17.0,0.6640412176391427,0.1676562014947226,0.3521719479040312,0.5422301362895418,0.6614342864716418,0.7920275665732297,0.9697334691434338,1.0017234393936367,2200.0
S0,18.0,0.5373827599569617,0.1878194208086834,0.20662351923351943,0.4022425859704743,0.525302382940328,0.661819102825777,0.9311207220211294,1.0137040881800934,190.0
S0,19.0,0.5634187044994545,0.16731846312410328,0.27702297984252977,0.4378557764713657,0.5501720168018241,0.6776020490713642,0.9190280405718353,1.0022172489844317,1400.0
S0,20.0,0.4492888689629265,0.15469550577411423,0.2002713399913539,0.3347946444231826,0.4336337413925484,0.5439723687173691,0.8028250966465924,1.0027635433679145,1500.0
S0,21.0,0.6433186050908505,0.17090069406556704,0.32874720844705024,0.5178157404776895,0.6363245408444113,0.7690799561877458,0.9638088413727811,1.0031583254147913,850.0
S0,22.0,0.5090185297442229,0.19884658637446456,0.17202026051539165,0.35973423892361545,0.4918518857683221,0.6449785499765356,0.9324701367951594,1.0012108492084242,4900.0
S0,23.0,0.5744902457784327,0.1793706797450457,0.26804773449334846,0.4372824850496934,0.5591768678953483,0.6994075463703172,0.9381091854873709,1.0034806859081502,750.0
S0,24.0,0.49297865899639903,0.07655436622179275,0.3427240517265376,0.44020417356325936,0.49310132450796484,0.5450766910018457,0.6448688552112193,1.0008612264737178,7500.0
S0,25.0,0.7094923433595067,0.16777219052001074,0.3716891251691369,0.5920969126863563,0.7189461122526856,0.8434483043784329,0.9816871163303739,1.0028333354765688,990.0
S0,26.0,0.5624657416843606,0.19399981896819166,0.20330095909321683,0.4215101830843855,0.5532733030494588,0.7004970256275781,0.9453485907832639,1.0031800293229556,1400.0
S0,27.0,0.4491188394746239,0.09444585298330484,0.2671290120710221,0.3841397228410743,0.4482296900008606,0.5137909188039503,0.637838333967498,1.0009393964331252,7500.0
S0,28.0,0.31171268195859475,0.04984467748148755,0.21681861116537715,0.2775977574108783,0.3115132443747721,0.34471100402880755,0.4117720342608789,1.00084734605691,7500.0
S0,29.0,0.6596924115908406,0.1688055017120019,0.3440142226233002,0.5368146476044731,0.6569399518961242,0.7897570990351424,0.9674673190337495,1.0016040359852916,2500.0
S0,30.0,0.6402443585631986,0.1773821696123504,0.29709642992912394,0.5102246360995251,0.6408117890140886,0.7725273897983609,0.9633633418675367,1.001745656079799,2100.0
S0,31.0,0.4944089236460893,0.2029074241315064,0.13388478253084804,0.3408946162852979,0.48781054828813936,0.6348456939732896,0.9069401429003843,1.0013519325597497,3600.0
S0,32.0,0.535696795141634,0.23986242666983434,0.07010645029966457,0.3651244313820587,0.5384221572590905,0.7173240536323457,0.9582466001116493,1.0010457871951797,7500.0
S1,1.0,0.39963056894877047,0.08116373179564085,0.24380241734025265,0.3490851621155744,0.3981720605285173,0.45051209169012796,0.5617241401925752,1.0573322865827848,88.0
S1,2.0,0.6904092512321023,0.11000926198193002,0.47404908061717926,0.6191741754064934,0.6877661073936641,0.7623643189790218,0.9179268949958789,1.0117317316188235,290.0
S1,3.0,0.7818567558019567,0.11601244425057548,0.5500051927718764,0.7010682642518301,0.7867823877046315,0.8697897281058363,0.9824942169475991,1.0102475726944593,210.0
S1,4.0,0.7150727780125338,0.09278295532511015,0.537575400857994,0.6502046716155364,0.713887918949001,0.7782214189888254,0.9024062285674416,1.0175007962536973,460.0
S1,5.0,0.6317652739216115,0.09836328333614996,0.44326933204206964,0.566856381058109,0.630571218440027,0.6978968896937127,0.828112612416478,1.0109286402529252,200.0
S1,6.0,0.5676687639795942,0.10011780656997492,0.3811501639182715,0.49690406996510766,0.5668357247758464,0.636658171974296,0.7699782586730286,1.008790749424126,900.0
S1,7.0,0.6679448985022339,0.1204685510513365,0.40169095170814245,0.5958612742835416,0.6747966378687262,0.7501906892427527,0.8887708072616939,1.0669550696946788,45.0
S1,8.0,0.7537040109198051,0.07392660816948224,0.6136097529806558,0.7029171910119151,0.7519226674626541,0.8027765092585922,0.9028041684973727,1.002007497892463,1700.0
S1,9.0,0.7617558847654204,0.07264178633661082,0.6248679119184224,0.7111808816502765,0.7599252305405376,0.8107560103553662,0.908797941244929,1.0043165714811284,1400.0
S1,10.0,0.823850159520698,0.07009192406106532,0.6838232428507623,0.7773412055472597,0.8243331185258671,0.8725227948553503,0.9597639639012497,1.0062901201220324,370.0
S1,11.0,0.580951814805003,0.04712598260937904,0.4916207236337532,0.5492255260744235,0.5803619616015658,0.611856091554883,0.6738985045004552,1.0012315663318314,7100.0
S1,12.0,0.8276042508052303,0.09178272136328251,0.6409857482828833,0.7646377339930421,0.8301134857464415,0.8972547886228507,0.9843649178774095,1.0052200678284757,450.0
S1,13.0,0.5796295698425765,0.09701225081828165,0.382021358603546,0.5152495109910428,0.5800507837417637,0.6456890989721016,0.7618547153226228,1.041449293875576,64.0
S1,14.0,0.5902947856396787,0.12076680372947889,0.3168126634741749,0.5194793400627367,0.5980364261390402,0.6710708782375095,0.8165340421893816,1.0324862661178877,260.0
S1,15.0,0.6755672553369578,0.12832298470985937,0.39937208770945615,0.5931380122560655,0.6809743633958643,0.7620929492976545,0.9167343972060317,1.001110498835048,7500.0
S1,16.0,0.7159940344493084,0.12676085171616766,0.4580263784364179,0.6339240360085893,0.7225761136587091,0.8023701079517099,0.9474236849099109,1.0075629161909174,6800.0
S1,17.0,0.7518457274153197,0.10887430058299147,0.532149572667684,0.6815352150913133,0.7519907935836266,0.8293229196722149,0.956208658430429,1.0029975475701454,910.0
S1,18.0,0.7154845658577743,0.1322676561620046,0.4302435874831194,0.6307952940390105,0.7229762181221718,0.8064298614804664,0.9552490781319679,1.0151933265883406,160.0
S1,19.0,0.6738719752408169,0.11936441725834306,0.4283848942554188,0.5979128955282578,0.6759054206853147,0.7528383875375204,0.9089033274815554,1.0212262710349171,160.0
S1,20.0,0.6457606049913216,0.1198773229348309,0.3934802682077937,0.5709702070640289,0.6532053060530039,0.7252392374188611,0.8715482167849179,1.0071667121529353,4700.0
S1,21.0,0.7005068748664889,0.10674516722346167,0.4905711010365124,0.6291363478160171,0.7017476910990302,0.7725433860831713,0.910549954799078,1.0147442361962105,170.0
S1,22.0,0.705663983755751,0.1255937686509471,0.43229980927360456,0.632060669401509,0.7145865755512808,0.7894410425148345,0.9294260875823929,1.011749425888009,1800.0
S1,23.0,0.697264087198662,0.10828616679366934,0.4792999492605222,0.6244338157959908,0.6982767055799078,0.7717125176697059,0.9065975053508187,1.0062409686955178,2400.0
S1,24.0,0.7619614292201793,0.06718397901438325,0.634869198422217,0.7156492552972269,0.7610475250691277,0.8064380987070763,0.897497494660835,1.001686508472056,2300.0
S1,25.0,0.5171254698146192,0.06446396667511355,0.387147139157731,0.4741169767326001,0.5183841429502642,0.5609305876469575,0.6395621672467585,1.0016484974604587,2400.0
S1,26.0,0.6747050448013663,0.08218403175938312,0.5119899697856036,0.6192134530086567,0.6758443515562976,0.7307987907970254,0.8317692949542338,1.0013986066763183,3300.0
S1,27.0,0.8400679895290817,0.05927371899184903,0.7215421116316008,0.8002620824505063,0.8399845028397724,0.8811390078201259,0.9546493932714883,1.0008885579173281,7500.0
S1,28.0,0.7923350428510891,0.05426125390498477,0.6872677079164332,0.7562010649563308,0.791697664055941,0.8282270216446108,0.8999101583415033,1.0010406450927423,7500.0
S1,29.0,0.6673398794846439,0.06547123271262557,0.5383974044687456,0.6231452196576058,0.6682717324817392,0.712015241982069,0.7965723543069289,1.0011468601574671,5700.0
S1,30.0,0.7938871682033627,0.07140165912138799,0.6545695855802485,0.743853112016917,0.793121762680272,0.8420246840961343,0.9369361389425653,1.002609938711425,1100.0
S1,31.0,0.7365421219241732,0.12340745169911398,0.477503606119083,0.6563645878603894,0.7427613391050304,0.8234280436833655,0.9631998479409234,1.0045539638780965,530.0
S1,32.0,0.6885124647908147,0.15408069237123448,0.35477918120160146,0.5930518389581845,0.695951813316582,0.7967457607308809,0.9600072592637522,1.0025554544972988,3000.0
Yhat,1.0,14.162602860733053,3.652932548115835,7.986039627801404,11.58205033031157,13.856684520603514,16.359837996399474,22.39456169332056,1.001430332052024,3200.0
Yhat,2.0,12.131487695576224,3.0916034037426363,6.910833742909163,9.895983726959829,11.875716099734971,14.020549495577443,19.03999030297822,1.0055128228291734,500.0
Yhat,3.0,26.820202086497485,4.827603487369281,18.1745978530871,23.412033184194406,26.47132458931135,29.893768725458038,36.95529981314922,1.0025964060577315,1100.0
Yhat,4.0,16.3813421175749,3.312634818332497,10.728867380843782,14.068211307257402,16.114405641524648,18.413084497795328,23.64904407656588,1.0038151243568256,670.0
Yhat,5.0,26.946540801626885,4.2455104844615335,19.79767920697527,23.952138709232862,26.571665945438475,29.58170580429585,36.19216299392519,1.0036241339203915,710.0
Yhat,6.0,28.419290542138707,5.197267379019201,19.326070382051928,24.682305620363817,28.04691096200876,31.721863600180765,39.556439231779905,1.0046054137644427,620.0
Yhat,7.0,55.95289112875678,7.40688839438646,42.47882890799868,50.69482970730203,55.54013454930374,60.72542972220027,71.28276638507556,1.0016203451499437,2400.0
Yhat,8.0,48.04800055457583,6.837999442547011,35.550884403253434,43.17148568942378,47.79574916923756,52.42608540042318,62.18080846700771,1.0010986865379878,6700.0
Yhat,9.0,56.90956560752072,7.3495032752795595,43.08723847538582,51.79606238295268,56.66567496407098,61.819564192472534,71.84483642119825,1.0008161249661545,7500.0
Yhat,10.0,63.42185848779076,7.762909969139069,49.195399004166966,57.951295846398494,63.18055232095089,68.60759535099886,79.2262036270653,1.0013276164132052,3800.0
Yhat,11.0,58.021435383935966,7.612923854411017,43.92437621417971,52.74013043680739,57.632902533004724,62.860110448821786,73.86940533928774,1.0010322415687205,7500.0
Yhat,12.0,46.32198822377756,6.451732208533035,34.792221656847595,41.814767879999145,46.05390090997032,50.46120878011967,59.61441527890789,1.0014292388206931,3200.0
Yhat,13.0,39.78596137348361,6.1392171517540035,28.67527020052074,35.52120061870987,39.542105277103,43.772315331227965,52.56011602436272,1.0046828150604437,520.0
Yhat,14.0,48.05051445623814,6.816132703255496,35.6316494416955,43.268148363650866,47.85644918143152,52.49386005080226,62.13399334623043,1.0008895945188192,7500.0
Yhat,15.0,49.91623424424143,6.99230948041408,37.040754200970945,44.987920456019545,49.753473543954875,54.393733587593665,64.388986659115,1.0038294928713183,660.0
Yhat,16.0,38.27235930141991,6.150356183819902,27.251258482865094,34.04904641080497,37.95299149131493,42.258019641737924,51.07664084783189,1.003818773420853,660.0
Yhat,17.0,28.086509103201788,5.040936979041773,19.127932135371015,24.59678557635756,27.748746655955124,31.26320103034112,38.771036932536845,1.00250553762998,1200.0
Yhat,18.0,57.371703171687464,7.47687077249411,43.974965870789894,52.15510606257282,57.119624704203616,62.29694582774387,72.84556601764861,1.0020882221163927,1600.0
Yhat,19.0,53.506269479887514,7.217694452574748,40.07385690678337,48.50645453961493,53.050580720218484,58.16556294728293,68.51658757069904,1.0032258215189511,830.0
Yhat,20.0,66.49849263258645,7.974398624727526,51.61114282736486,60.9670135199192,66.14873834745988,71.75009769867738,82.66894690759456,1.002383230103587,1300.0
Yhat,21.0,33.4825915653558,5.563210121902187,23.452257213104282,29.61880597591714,33.17195021760278,37.12752675226139,44.96169550806185,1.0024424181376046,1200.0
Yhat,22.0,46.393699038405614,6.774016232423758,34.12914067422079,41.59759253924817,46.04687369024955,50.954657160190514,60.32787790608424,1.0014454082785291,3100.0
Yhat,23.0,40.79229336508302,6.226735455250549,29.39346654309045,36.42944240421079,40.49299563937947,44.73337064242904,53.86019382076849,1.0009100609483623,7500.0
Yhat,24.0,55.104931550969994,7.215216893497561,42.049283106938525,50.05805960674694,54.76073968506598,59.6955069633632,70.21880827794459,1.000843068773978,7500.0
Yhat,25.0,44.74740203054654,6.4015749137817455,33.05992366508495,40.24738109661495,44.43553666671579,48.794323182836735,58.28239872684998,1.0013780713644107,3500.0
Yhat,26.0,35.93082072775011,5.911656637390608,25.32983960045506,31.801917230949233,35.588026673493744,39.68631143346023,48.325859171322094,1.001418163951164,3200.0
Yhat,27.0,40.981930499830824,6.160725420767677,29.837375088829322,36.67972332508331,40.69656357399251,45.012604411143386,53.86105281837632,1.0012593526293785,4300.0
Yhat,28.0,46.112877167416066,6.249855584777369,34.70005222545349,41.7137196643848,45.89874888557623,50.036799678154445,59.40483511139432,1.0009876279329952,7500.0
Yhat,29.0,45.62512864806494,6.626987629758813,33.60251994843882,40.91734960314707,45.24144080782259,49.84188334580043,59.651189229963165,1.0008376553070608,7500.0
Yhat,30.0,38.548536438575084,6.028430991639353,27.854952595654236,34.3487126437183,38.13513384238225,42.52209653880552,51.27889951092543,1.0008553543064211,7500.0
Yhat,31.0,62.40835632183488,7.884874901933777,47.97037633058939,56.996306430329795,62.1695227500554,67.38927837161155,79.1928847610385,1.0025980182225427,1100.0
Yhat,32.0,46.124823748211455,6.87235356215349,33.7148579697026,41.30823294716002,45.809029344353725,50.4824623236901,60.859368022576994,1.0014034990609508,3300.0
deviance,,607.9247009848217,14.271701373815414,581.2072253178329,597.9316398157871,607.437784480993,617.4132508916626,636.8056393606809,1.0011152958671279,6300.0
meanS0,,0.597151284673323,0.16152233299551905,0.28263740151715433,0.5002597120305406,0.5688567199659804,0.6858926355343992,0.9559815527330912,1.018330547384801,630.0
meanS1,,0.7201015145210538,0.06395998644141584,0.6320828455258658,0.6806160528657061,0.7073677023731536,0.7418696683128803,0.9077321311158056,1.0067989335955356,360.0
sigmaS0,,0.4022607521900441,0.22813715529245404,0.1370906277018563,0.21940994885275972,0.32704820479936964,0.5387545254327551,0.938310394772029,1.0066328523833619,350.0
sigmaS1,,0.16851698652867014,0.06645848834083776,0.09009723609607719,0.1253728196241449,0.15192479488285965,0.191353776369955,0.34217997006021,1.0055264100214465,430.0
